{"stats":{"minecraft:killed_by":{"minecraft:skeleton":1},"minecraft:picked_up":{"minecraft:pink_petals":1,"minecraft:wheat_seeds":2,"minecraft:cherry_log":5,"minecraft:dirt":8,"minecraft:cobblestone":4},"minecraft:used":{"minecraft:crafting_table":1,"minecraft:stone_pickaxe":2,"minecraft:wooden_pickaxe":10},"minecraft:custom":{"minecraft:time_since_rest":3267,"minecraft:crouch_one_cm":289,"minecraft:play_time":3924,"minecraft:sprint_one_cm":17236,"minecraft:walk_one_cm":5739,"minecraft:damage_taken":350,"minecraft:deaths":1,"minecraft:sneak_time":148,"minecraft:drop":2,"minecraft:jump":125,"minecraft:damage_dealt":74,"minecraft:time_since_death":3241,"minecraft:total_world_time":3924,"minecraft:interact_with_crafting_table":2,"minecraft:fall_one_cm":6511,"minecraft:fly_one_cm":20664},"minecraft:crafted":{"minecraft:cherry_planks":20,"minecraft:crafting_table":1,"minecraft:stick":4,"minecraft:stone_pickaxe":1,"minecraft:wooden_pickaxe":1},"minecraft:dropped":{"minecraft:wheat_seeds":1,"minecraft:pink_petals":1},"minecraft:mined":{"minecraft:grass":7,"minecraft:grass_block":2,"minecraft:dirt":5,"minecraft:tall_grass":7,"minecraft:cherry_log":5,"minecraft:stone":5}},"DataVersion":3465}