{"stats":{"minecraft:killed":{"minecraft:sheep":4,"minecraft:cow":2},"minecraft:picked_up":{"minecraft:crafting_table":1,"minecraft:wheat_seeds":2,"minecraft:beef":3,"minecraft:cherry_log":8,"minecraft:white_wool":4,"minecraft:mutton":6},"minecraft:used":{"minecraft:wooden_axe":8,"minecraft:crafting_table":1},"minecraft:custom":{"minecraft:time_since_rest":2557,"minecraft:crouch_one_cm":32,"minecraft:play_time":4230,"minecraft:sprint_one_cm":19618,"minecraft:walk_one_cm":8067,"minecraft:damage_taken":244,"minecraft:deaths":1,"minecraft:sneak_time":10,"minecraft:mob_kills":6,"minecraft:drop":2,"minecraft:jump":155,"minecraft:damage_dealt":771,"minecraft:time_since_death":2529,"minecraft:total_world_time":4230,"minecraft:interact_with_crafting_table":4,"minecraft:fall_one_cm":8347,"minecraft:fly_one_cm":36247,"minecraft:player_kills":1},"minecraft:crafted":{"minecraft:cherry_planks":28,"minecraft:crafting_table":1,"minecraft:stick":4,"minecraft:wooden_pickaxe":1,"minecraft:wooden_axe":1},"minecraft:dropped":{"minecraft:wheat_seeds":2},"minecraft:mined":{"minecraft:pink_petals":2,"minecraft:grass":6,"minecraft:tall_grass":1,"minecraft:cherry_log":8,"minecraft:crafting_table":1}},"DataVersion":3465}