{"stats":{"minecraft:killed":{"minecraft:chicken":1},"minecraft:picked_up":{"minecraft:crafting_table":2,"minecraft:feather":1,"minecraft:chicken":1,"minecraft:andesite":2,"minecraft:cherry_log":10,"minecraft:coal":2,"minecraft:cobblestone":16},"minecraft:used":{"minecraft:stone_axe":1,"minecraft:wooden_axe":7,"minecraft:crafting_table":2,"minecraft:stone_pickaxe":4,"minecraft:wooden_pickaxe":16},"minecraft:custom":{"minecraft:time_since_rest":3445,"minecraft:crouch_one_cm":3741,"minecraft:play_time":3445,"minecraft:sprint_one_cm":8173,"minecraft:damage_taken":70,"minecraft:walk_one_cm":1777,"minecraft:sneak_time":846,"minecraft:mob_kills":1,"minecraft:jump":62,"minecraft:damage_dealt":40,"minecraft:time_since_death":3445,"minecraft:total_world_time":3445,"minecraft:fall_one_cm":3132,"minecraft:interact_with_crafting_table":4,"minecraft:fly_one_cm":16189},"minecraft:crafted":{"minecraft:stone_sword":1,"minecraft:cherry_planks":20,"minecraft:furnace":1,"minecraft:stone_axe":1,"minecraft:crafting_table":1,"minecraft:stick":12,"minecraft:wooden_pickaxe":1,"minecraft:stone_pickaxe":1,"minecraft:wooden_axe":1},"minecraft:mined":{"minecraft:coal_ore":2,"minecraft:cherry_log":10,"minecraft:stone":16,"minecraft:andesite":2,"minecraft:crafting_table":2}},"DataVersion":3465}