{"stats":{"minecraft:killed_by":{"minecraft:player":1},"minecraft:picked_up":{"minecraft:pink_petals":4,"minecraft:wheat_seeds":2,"minecraft:cherry_log":30,"minecraft:dirt":2},"minecraft:used":{"minecraft:pink_petals":1,"minecraft:crafting_table":1,"minecraft:wooden_axe":28},"minecraft:custom":{"minecraft:time_since_rest":2935,"minecraft:crouch_one_cm":426,"minecraft:play_time":4001,"minecraft:sprint_one_cm":6549,"minecraft:walk_one_cm":8440,"minecraft:damage_taken":271,"minecraft:deaths":1,"minecraft:sneak_time":122,"minecraft:drop":3,"minecraft:jump":98,"minecraft:damage_dealt":94,"minecraft:time_since_death":2912,"minecraft:total_world_time":4001,"minecraft:interact_with_crafting_table":1,"minecraft:fall_one_cm":1047,"minecraft:fly_one_cm":11411},"minecraft:crafted":{"minecraft:cherry_planks":16,"minecraft:crafting_table":1,"minecraft:stick":8,"minecraft:wooden_pickaxe":1,"minecraft:wooden_axe":1},"minecraft:dropped":{"minecraft:dirt":2,"minecraft:wheat_seeds":1},"minecraft:mined":{"minecraft:pink_petals":3,"minecraft:grass":8,"minecraft:grass_block":2,"minecraft:cherry_leaves":1,"minecraft:tall_grass":7,"minecraft:cherry_log":30}},"DataVersion":3465}